,ID,NumDealsPurchases,PromoAccepted,Responder
0,5524,3,1,Low
1,2174,2,0,None
2,4141,1,0,None
3,6182,2,0,None
4,5324,5,0,None
5,7446,2,0,None
6,965,4,0,None
7,6177,2,0,None
8,4855,1,1,Low
9,5899,1,1,Low
11,387,1,0,None
12,2125,1,0,None
13,8180,3,0,None
14,2569,1,0,None
15,2114,1,3,Low
16,9736,3,0,None
17,4939,2,0,None
18,6565,2,1,Low
19,2278,2,0,None
20,9360,1,0,None
21,5376,15,0,None
22,1993,3,1,Low
23,4047,3,0,None
24,1409,7,0,None
25,7892,2,0,None
26,2404,4,0,None
28,9422,2,0,None
29,1966,1,1,Low
30,6864,2,0,None
31,3033,1,0,None
32,5710,2,1,Low
33,7373,6,1,Low
34,8755,1,0,None
35,10738,1,0,None
36,4339,5,0,None
37,10755,3,0,None
38,8595,2,0,None
39,2968,2,2,Low
40,8601,2,0,None
41,503,2,0,None
42,8430,1,0,None
44,2139,3,0,None
45,1371,1,0,None
46,9909,3,1,Low
47,7286,1,0,None
49,6566,9,0,None
50,8614,1,0,None
51,4114,1,0,None
52,1331,2,0,None
53,2225,1,3,Low
54,9381,7,0,None
55,6260,1,2,Low
56,10383,1,1,Low
57,7437,1,0,None
59,8375,3,0,None
60,6853,1,3,Low
61,3076,4,0,None
62,1012,4,0,None
63,6518,1,0,None
64,4137,1,0,None
65,8082,1,1,Low
66,1386,1,0,None
67,9369,1,3,Low
68,4477,1,0,None
69,1357,7,0,None
70,1402,3,0,None
72,6312,4,0,None
73,8132,5,1,Low
74,1050,1,0,None
75,5846,1,0,None
76,1859,1,1,Low
77,7503,0,2,Low
78,10401,1,0,None
79,1618,2,2,Low
80,3332,4,0,None
81,2261,1,0,None
82,5346,3,0,None
83,4119,1,0,None
84,535,1,0,None
85,5268,2,0,None
86,273,5,1,Low
87,4452,4,3,Low
88,8504,1,1,Low
89,771,1,0,None
93,11178,1,0,None
94,2230,3,0,None
95,7516,1,0,None
96,7247,5,1,Low
97,11100,2,0,None
98,4646,1,1,Low
99,3037,2,0,None
100,1473,2,0,None
101,1016,2,0,None
102,4518,2,0,None
103,9370,1,0,None
104,8908,1,1,Low
105,8373,1,0,None
106,7533,4,0,None
107,2683,4,0,None
108,3629,2,0,None
109,10991,1,0,None
110,5077,1,0,None
111,7431,1,2,Low
112,3267,3,1,Low
113,999,1,3,Low
114,9215,5,0,None
115,2286,2,0,None
116,1592,0,2,Low
117,367,5,0,None
118,5234,2,0,None
119,9862,2,0,None
120,9805,4,0,None
121,6205,3,1,Low
122,8442,2,0,None
123,7386,1,0,None
124,7215,0,4,High
125,1491,2,0,None
126,11071,1,1,Low
127,3381,2,0,None
129,11051,4,0,None
130,8026,5,0,None
131,433,5,0,None
132,9597,1,0,None
134,5290,5,0,None
135,1685,1,1,Low
136,5342,2,0,None
137,9579,3,0,None
138,7660,2,2,Low
139,1461,2,0,None
140,821,1,0,None
141,11084,2,1,Low
142,8690,1,0,None
143,2937,3,0,None
144,9701,3,0,None
145,9949,3,0,None
146,10837,1,1,Low
147,3120,1,0,None
148,5885,7,0,None
149,4050,1,0,None
150,3830,1,0,None
151,7987,4,1,Low
152,7798,4,0,None
153,92,4,0,None
154,7055,2,0,None
155,10240,1,3,Low
156,3025,3,0,None
157,9283,1,0,None
158,9970,1,0,None
159,2730,1,0,None
160,2795,1,0,None
161,9260,2,0,None
162,8182,4,0,None
163,10095,1,0,None
164,8475,15,0,None
165,4370,3,0,None
166,10573,1,1,Low
167,3712,1,1,Low
168,6637,1,0,None
169,3152,3,0,None
170,5610,2,0,None
171,6460,2,0,None
172,1349,1,0,None
173,1880,2,0,None
174,641,1,1,Low
175,8717,1,0,None
176,10314,1,3,Low
177,10854,2,0,None
178,10492,1,0,None
179,6935,1,1,Low
180,7698,1,0,None
181,3559,3,0,None
182,10562,1,0,None
183,10796,1,0,None
184,2563,1,0,None
185,3518,1,0,None
186,5823,2,0,None
187,3934,2,0,None
188,6982,1,0,None
189,6431,2,0,None
190,9733,1,1,Low
191,5602,1,0,None
192,7829,1,0,None
193,1324,2,0,None
194,326,4,0,None
195,7224,2,0,None
196,6999,1,0,None
197,9938,1,1,Low
198,6422,1,0,None
199,3182,6,2,Low
200,7300,3,1,Low
201,10424,1,0,None
202,8727,3,0,None
203,2798,0,4,High
204,1030,2,0,None
205,624,1,2,Low
206,5176,1,1,Low
207,5552,6,0,None
208,868,1,0,None
209,380,5,2,Low
210,2677,5,0,None
211,6521,1,0,None
212,6927,8,0,None
213,2877,10,0,None
214,0,1,0,None
215,1584,6,0,None
216,7264,1,0,None
217,6274,1,2,Low
218,1377,2,0,None
219,454,2,0,None
220,1755,1,0,None
221,2075,1,0,None
222,4785,2,0,None
223,9076,4,0,None
224,7079,5,0,None
225,4653,4,0,None
226,7375,2,0,None
227,709,3,0,None
228,460,1,0,None
229,3726,1,0,None
230,6798,9,1,Low
231,5341,1,1,Low
232,1606,1,0,None
233,9617,1,0,None
234,3233,3,0,None
235,89,2,0,None
236,2936,1,0,None
237,9449,1,0,None
238,7297,4,0,None
239,11004,1,0,None
240,313,1,1,Low
241,9940,2,0,None
242,10735,1,0,None
243,9529,1,2,Low
244,6439,7,0,None
245,7411,2,0,None
246,2176,2,4,High
247,9265,2,0,None
248,8867,1,0,None
249,8932,4,0,None
250,10236,2,0,None
251,6340,2,0,None
252,10089,1,5,High
253,2227,2,0,None
254,10992,5,0,None
255,5304,2,0,None
256,309,3,1,Low
257,3406,4,0,None
258,2661,4,0,None
259,3153,1,0,None
260,10264,2,2,Low
261,1184,3,0,None
262,4200,4,0,None
263,9396,1,0,None
264,2387,6,1,Low
265,6690,4,0,None
266,1225,1,1,Low
267,9703,4,2,Low
268,291,1,0,None
269,4557,2,0,None
270,2379,2,1,Low
271,5726,3,0,None
272,3066,2,0,None
273,6336,4,0,None
274,10967,3,0,None
275,2304,2,0,None
276,3445,2,1,Low
277,7828,1,0,None
278,3762,1,2,Low
279,4391,1,0,None
280,4669,3,0,None
281,10144,2,0,None
282,8652,2,0,None
283,1672,1,0,None
284,8962,2,0,None
285,9974,1,0,None
286,10983,1,0,None
287,8148,13,0,None
288,10102,1,0,None
289,4697,3,0,None
290,9262,1,1,Low
291,7254,3,0,None
292,4543,1,1,Low
293,4927,3,0,None
294,10451,1,0,None
295,2926,3,2,Low
296,2874,1,0,None
297,9738,1,0,None
298,7119,1,0,None
299,3924,5,1,Low
300,5827,4,0,None
301,5596,1,0,None
302,10812,1,0,None
303,1717,3,0,None
304,9491,3,0,None
305,9274,1,1,Low
306,6609,1,1,Low
307,6963,1,1,Low
308,4440,1,1,Low
309,1379,1,0,None
310,10032,4,0,None
311,2826,2,0,None
313,6320,1,0,None
314,3050,6,0,None
315,231,2,0,None
316,2392,2,0,None
317,9478,2,0,None
318,113,2,0,None
320,1802,3,0,None
321,520,1,0,None
322,8275,1,0,None
323,9750,5,0,None
324,2607,6,0,None
325,7214,1,0,None
326,5835,3,0,None
327,3896,1,0,None
328,10350,1,0,None
329,7786,4,0,None
330,2861,1,0,None
331,663,1,0,None
332,10675,2,1,Low
333,2521,1,2,Low
334,9592,2,0,None
335,10151,1,0,None
336,7381,1,4,High
337,4099,1,0,None
338,9560,1,2,Low
339,1150,1,1,Low
340,10172,1,0,None
341,11191,1,0,None
342,9707,3,2,Low
343,6245,2,0,None
344,8234,1,2,Low
345,1411,1,0,None
346,8553,2,0,None
347,1826,1,1,Low
348,8842,3,0,None
349,11030,1,1,Low
350,2579,4,0,None
351,175,2,2,Low
352,9185,3,1,Low
353,11056,1,0,None
354,9365,5,0,None
355,6201,2,0,None
356,2061,1,1,Low
357,6184,1,0,None
358,6142,1,0,None
359,4107,2,0,None
360,7274,1,1,Low
361,9336,3,0,None
362,2958,3,0,None
363,933,1,0,None
364,5837,7,0,None
365,10704,2,0,None
366,5125,1,0,None
367,4432,2,0,None
368,5955,1,0,None
369,2928,2,0,None
370,5680,1,0,None
371,10313,6,0,None
372,2557,1,1,Low
373,1245,4,1,Low
374,1519,3,1,Low
375,10703,4,0,None
376,1726,1,2,Low
377,4459,1,0,None
378,1729,2,0,None
379,1517,1,0,None
380,2098,1,0,None
381,9543,1,0,None
382,6878,3,0,None
383,3310,7,0,None
384,2724,1,0,None
385,948,3,0,None
386,6720,3,2,Low
387,6202,4,0,None
388,2066,1,0,None
389,9799,3,0,None
390,8318,0,1,Low
391,5642,2,0,None
392,2669,1,0,None
393,455,1,0,None
394,7683,3,0,None
395,3428,1,0,None
396,7414,4,0,None
397,6354,2,1,Low
398,798,1,0,None
399,8213,4,1,Low
400,2488,4,0,None
401,9999,1,0,None
402,7617,5,0,None
403,615,1,0,None
404,2552,9,2,Low
405,194,1,0,None
406,3645,3,1,Low
407,8890,3,0,None
408,5049,1,0,None
409,9973,3,0,None
410,7301,2,1,Low
411,10882,4,0,None
412,7030,3,1,Low
413,7422,3,0,None
414,3523,2,0,None
415,7106,1,0,None
416,6504,3,1,Low
417,5067,1,4,High
418,4216,1,3,Low
419,8581,9,0,None
420,5929,2,0,None
421,3129,1,0,None
422,6528,1,0,None
423,1361,1,3,Low
424,6932,0,1,Low
425,7284,1,0,None
426,1340,1,3,Low
427,8746,2,2,Low
428,5987,2,0,None
429,3767,2,0,None
430,3725,1,5,High
431,4324,5,0,None
432,238,15,0,None
433,6694,1,0,None
434,498,2,0,None
435,9347,1,0,None
436,9699,3,0,None
437,10664,2,0,None
438,5455,3,0,None
439,456,2,0,None
440,5012,1,0,None
441,7495,2,0,None
442,5029,1,0,None
443,10642,1,0,None
444,2106,1,0,None
445,10364,1,0,None
446,5954,2,0,None
447,1137,1,2,Low
448,2541,2,0,None
449,1142,2,0,None
450,2276,5,0,None
451,2807,3,0,None
452,6471,1,0,None
453,6131,2,0,None
454,6233,3,0,None
455,4148,7,0,None
456,4947,1,3,Low
457,3225,4,2,Low
458,7540,2,0,None
459,10648,1,0,None
460,1992,4,2,Low
461,7851,1,0,None
462,8594,2,0,None
463,7059,1,1,Low
464,2815,2,0,None
465,2416,1,0,None
466,7999,1,3,Low
467,9213,1,0,None
468,9697,3,0,None
469,3916,3,0,None
470,2021,4,0,None
471,1581,1,1,Low
472,564,7,2,Low
473,6619,2,0,None
474,9081,1,0,None
475,178,4,0,None
476,916,2,0,None
477,5512,1,0,None
478,8970,4,0,None
479,10581,7,0,None
480,5300,1,0,None
481,5154,1,0,None
482,8346,2,2,Low
483,1676,4,0,None
484,9286,1,0,None
485,2426,1,1,Low
486,5172,2,0,None
487,5562,2,0,None
488,3436,1,0,None
489,3921,1,0,None
490,3403,2,0,None
491,22,2,0,None
492,10965,1,1,Low
493,9426,4,0,None
494,6605,1,1,Low
495,3136,3,0,None
496,8737,1,0,None
497,11088,1,0,None
498,716,3,0,None
499,466,1,0,None
500,9135,2,0,None
501,10623,1,0,None
502,8151,1,0,None
503,5140,2,0,None
504,10160,1,0,None
505,4945,2,0,None
506,10584,1,0,None
507,6071,1,0,None
508,3386,1,0,None
509,8939,6,0,None
510,9925,3,1,Low
511,4320,1,0,None
512,5389,3,1,Low
513,6036,1,1,Low
514,182,4,0,None
515,203,1,0,None
516,11025,4,0,None
517,10203,1,0,None
518,4607,1,0,None
519,3711,1,2,Low
520,3696,2,0,None
521,2532,1,1,Low
522,9214,1,0,None
523,4943,1,2,Low
524,35,3,1,Low
525,2258,1,0,None
526,4322,1,0,None
527,713,1,0,None
528,4702,1,0,None
529,3281,6,0,None
530,702,4,0,None
531,2004,1,0,None
532,4769,7,1,Low
533,4437,2,0,None
534,8724,2,0,None
535,10741,4,0,None
536,1991,1,0,None
537,6931,1,2,Low
538,11096,2,0,None
539,304,3,0,None
540,3665,3,0,None
541,10591,2,0,None
542,5036,2,0,None
543,5547,1,3,Low
544,7822,2,0,None
545,8541,2,0,None
546,10955,1,1,Low
547,4368,1,0,None
548,9671,4,2,Low
549,2256,2,0,None
550,4279,2,0,None
551,5371,2,2,Low
552,9240,2,0,None
553,9460,1,0,None
554,9504,1,1,Low
555,8692,6,0,None
556,448,2,0,None
557,8314,1,1,Low
558,8420,2,0,None
559,3174,1,5,High
560,7685,1,0,None
561,3179,0,0,None
562,9780,2,0,None
563,10681,5,0,None
564,10232,3,0,None
565,4184,2,0,None
566,9120,4,0,None
567,891,1,0,None
568,10381,1,0,None
569,3525,1,0,None
570,6818,5,0,None
571,3526,2,0,None
572,8181,3,0,None
573,1029,1,0,None
574,7369,2,0,None
575,2574,3,4,High
576,8159,3,0,None
577,1160,4,0,None
578,10242,2,0,None
579,5253,6,0,None
580,5966,5,1,Low
581,5314,7,0,None
582,5081,1,0,None
583,5123,1,0,None
584,5756,2,0,None
585,8036,4,0,None
586,9058,1,4,High
587,5057,2,0,None
588,254,3,1,Low
589,4179,1,0,None
590,3710,2,1,Low
591,7627,0,3,Low
592,4501,1,0,None
593,6424,1,0,None
594,3075,1,0,None
595,4992,3,1,Low
596,5252,1,0,None
597,7444,2,0,None
598,6919,3,0,None
599,3537,3,0,None
600,10277,1,0,None
601,2453,3,0,None
602,7972,1,0,None
603,895,3,0,None
604,1177,4,0,None
605,7141,4,1,Low
606,7232,2,0,None
607,8477,1,0,None
608,2457,2,0,None
609,988,1,1,Low
610,7930,2,0,None
611,4587,1,0,None
612,6682,1,0,None
613,6222,2,0,None
614,10299,3,1,Low
615,3083,5,0,None
616,8953,2,0,None
617,1503,0,0,None
618,8650,1,0,None
619,10862,5,0,None
620,2782,3,0,None
621,6941,1,0,None
622,10972,1,2,Low
623,10708,1,0,None
624,6583,1,1,Low
625,3641,2,0,None
626,10156,1,0,None
627,4299,7,1,Low
628,3469,3,0,None
629,5063,3,0,None
630,10727,2,0,None
631,9624,1,0,None
632,5156,5,0,None
633,4376,1,2,Low
634,8923,1,1,Low
635,8461,1,0,None
636,6945,1,0,None
637,944,1,0,None
638,1907,5,1,Low
639,701,2,1,Low
640,3856,4,0,None
641,4149,1,0,None
642,2131,4,0,None
643,2942,2,1,Low
644,1173,1,3,Low
645,4381,7,0,None
646,4611,0,3,Low
647,3376,1,0,None
648,4679,3,0,None
649,10928,2,0,None
650,4248,0,1,Low
651,6728,2,0,None
652,6661,5,0,None
653,4725,1,0,None
654,3277,2,0,None
655,5555,0,0,None
656,2564,2,0,None
657,946,2,0,None
658,3867,1,0,None
659,6940,4,1,Low
660,55,4,0,None
661,7093,1,0,None
662,5084,1,0,None
663,1777,1,0,None
664,8162,1,0,None
665,10826,1,0,None
666,8754,1,0,None
667,1987,2,0,None
668,11007,1,0,None
669,7426,3,0,None
670,9153,3,0,None
671,10379,5,0,None
672,9204,4,0,None
673,3197,2,0,None
674,2920,2,0,None
675,6961,1,0,None
676,4673,3,2,Low
677,9937,1,0,None
678,8779,4,2,Low
679,9596,1,0,None
680,2891,2,0,None
681,4910,1,0,None
682,75,1,0,None
683,10120,2,0,None
684,6327,1,0,None
685,10142,2,0,None
686,9826,1,1,Low
687,1501,15,0,None
688,10767,1,2,Low
689,7279,1,0,None
690,7230,6,2,Low
691,143,1,0,None
692,450,3,0,None
693,9316,1,0,None
694,6379,3,1,Low
695,9239,1,0,None
696,8315,1,0,None
697,2868,3,1,Low
698,10888,2,0,None
699,1277,1,1,Low
700,9977,3,0,None
701,10196,2,0,None
702,6384,3,1,Low
703,8029,1,4,High
704,968,3,0,None
705,6988,2,2,Low
706,4472,1,0,None
707,6991,2,0,None
708,3336,3,1,Low
709,4301,1,2,Low
710,1940,1,0,None
711,1272,4,0,None
712,1388,2,0,None
713,1044,3,0,None
714,6969,3,0,None
715,10479,1,0,None
716,3619,1,2,Low
717,1715,2,0,None
718,10159,6,0,None
719,1463,1,0,None
720,5114,2,0,None
721,4990,1,0,None
722,4329,2,0,None
723,10936,1,0,None
724,4692,5,2,Low
725,7212,1,0,None
726,6086,1,1,Low
727,437,1,0,None
728,11171,7,0,None
729,11101,1,1,Low
730,5329,1,0,None
731,610,8,0,None
732,9384,7,0,None
733,5956,5,0,None
734,10430,3,3,Low
735,7875,1,4,High
736,7072,2,0,None
737,6255,1,0,None
738,6516,1,0,None
739,5564,2,0,None
740,5682,4,0,None
741,7458,2,0,None
742,5237,3,0,None
743,7761,2,0,None
744,5278,1,1,Low
745,3560,1,1,Low
746,7235,3,0,None
747,10548,1,0,None
748,2281,1,1,Low
749,4073,1,2,Low
750,6974,1,0,None
751,7938,2,0,None
752,7094,1,0,None
753,3667,1,4,High
754,7723,1,0,None
755,3870,1,0,None
756,4012,5,1,Low
757,5909,5,0,None
758,10470,2,0,None
759,6488,1,0,None
760,10270,2,0,None
761,6887,2,0,None
762,6406,1,0,None
763,7573,1,2,Low
764,4508,1,0,None
765,221,3,0,None
766,5331,1,0,None
767,1911,1,0,None
768,20,1,0,None
769,8786,4,0,None
770,10582,2,0,None
771,1915,1,0,None
772,8897,8,1,Low
773,2371,3,0,None
774,4303,0,0,None
775,6825,1,0,None
776,1072,2,0,None
777,4964,1,0,None
778,2461,2,0,None
779,10736,2,0,None
780,3194,1,0,None
781,10839,2,0,None
782,49,1,0,None
783,4290,1,0,None
784,10219,1,0,None
785,4211,2,0,None
786,1135,5,0,None
787,6299,6,2,Low
788,10846,6,1,Low
789,347,4,0,None
790,6543,1,0,None
791,10446,1,4,High
792,3479,1,1,Low
793,11075,4,0,None
794,4442,2,0,None
795,199,1,1,Low
796,6722,3,0,None
797,796,3,0,None
798,3749,1,0,None
799,8523,3,0,None
800,310,4,0,None
801,8629,1,0,None
802,236,3,0,None
803,9930,1,0,None
804,3483,3,4,High
805,4599,6,0,None
806,7326,1,0,None
807,7352,4,0,None
808,2350,7,1,Low
809,9145,2,0,None
810,2964,1,0,None
811,5585,2,1,Low
812,9687,1,0,None
813,3732,6,0,None
814,6303,0,0,None
815,11176,2,0,None
816,2986,1,0,None
817,7462,3,0,None
818,3900,1,0,None
819,7034,2,0,None
820,9493,1,3,Low
821,1143,2,0,None
822,1,1,2,Low
823,3855,1,0,None
824,5536,1,5,High
825,5989,1,0,None
826,9499,3,2,Low
827,6768,2,0,None
828,2150,1,0,None
829,6646,1,0,None
830,4887,1,0,None
831,8560,1,0,None
832,3321,3,0,None
833,11003,2,0,None
834,10402,2,0,None
835,9904,5,0,None
836,6141,2,0,None
837,5687,1,0,None
838,10856,1,0,None
839,5121,2,1,Low
840,4186,3,0,None
841,368,3,0,None
842,3312,4,0,None
843,11121,4,0,None
844,5332,1,0,None
845,5848,1,4,High
846,10343,2,0,None
847,5935,3,0,None
848,2895,2,0,None
849,10262,4,0,None
850,7848,2,0,None
851,9477,3,0,None
852,4856,1,2,Low
853,7186,2,1,Low
854,5794,3,3,Low
855,1456,7,0,None
856,4877,1,0,None
857,425,3,0,None
858,3007,2,0,None
859,1031,1,1,Low
860,4297,2,0,None
861,807,6,0,None
862,9553,1,0,None
863,4271,6,0,None
864,4120,2,0,None
865,2036,3,0,None
866,115,3,0,None
867,4259,1,0,None
868,8687,3,0,None
869,2447,2,0,None
870,10140,1,2,Low
871,9353,2,1,Low
872,3623,3,0,None
873,738,4,0,None
874,7631,1,0,None
875,4789,1,3,Low
876,773,7,0,None
877,10602,2,0,None
878,1446,1,0,None
879,3270,4,0,None
880,8443,3,2,Low
881,9653,2,0,None
882,8916,1,0,None
883,8017,2,0,None
884,5830,1,1,Low
885,4597,1,0,None
886,7023,4,0,None
887,8086,2,0,None
888,8825,8,0,None
889,2930,2,0,None
890,1928,2,1,Low
891,7108,6,0,None
892,10925,1,0,None
893,9960,1,0,None
894,8800,2,2,Low
895,9224,2,0,None
896,5519,1,1,Low
897,5046,2,0,None
898,7037,3,0,None
899,905,4,0,None
900,8624,1,0,None
901,8945,2,0,None
902,6445,1,0,None
903,2727,1,0,None
904,6404,5,0,None
905,11074,1,0,None
906,10150,0,2,Low
907,1968,1,0,None
908,6534,1,0,None
909,9485,1,0,None
910,7053,1,0,None
911,4654,1,0,None
912,9760,6,1,Low
913,1048,2,1,Low
914,10619,1,2,Low
915,9308,1,0,None
916,10505,1,0,None
917,8362,1,3,Low
918,2625,2,0,None
919,4637,1,1,Low
920,9972,1,2,Low
921,4483,1,0,None
922,4487,1,1,Low
923,4988,3,0,None
924,8931,1,1,Low
925,5871,3,0,None
926,2008,1,1,Low
927,3139,1,1,Low
928,10037,1,0,None
929,10673,1,0,None
930,5303,1,0,None
931,538,1,0,None
932,7922,2,1,Low
933,5692,1,0,None
934,4843,1,0,None
935,6383,2,0,None
936,1628,1,0,None
937,1204,3,1,Low
938,3673,3,0,None
939,760,2,0,None
940,8957,8,0,None
941,4128,2,0,None
942,6810,1,2,Low
943,5386,0,4,High
944,8700,3,0,None
945,3202,1,2,Low
946,1328,3,0,None
947,8405,2,0,None
948,6515,1,0,None
949,2882,2,0,None
950,7574,1,0,None
951,6387,3,1,Low
952,5320,4,1,Low
953,5048,1,0,None
954,8146,1,0,None
955,10031,5,0,None
956,5748,3,1,Low
957,2134,4,0,None
958,1523,2,0,None
959,9665,4,0,None
960,4640,2,0,None
961,3635,3,0,None
962,3547,2,1,Low
963,2456,5,0,None
964,5633,7,0,None
965,7801,3,0,None
966,10489,1,3,Low
967,7011,3,0,None
968,2620,1,1,Low
969,3933,6,0,None
970,10981,1,0,None
971,1734,4,0,None
972,10995,3,0,None
973,6357,3,0,None
974,9209,1,0,None
975,10286,1,0,None
976,2611,1,1,Low
977,1600,7,0,None
978,3308,3,0,None
979,5407,5,1,Low
980,2166,1,0,None
981,3955,0,0,None
982,6634,1,0,None
983,3056,3,0,None
984,5718,1,3,Low
985,6872,2,0,None
986,8164,1,0,None
987,4580,1,4,High
988,9305,1,0,None
989,453,2,0,None
990,8545,1,5,High
991,9850,1,0,None
992,7378,5,1,Low
993,7646,4,0,None
994,1640,2,0,None
995,5184,1,0,None
996,8492,1,1,Low
997,11188,3,0,None
998,1212,3,1,Low
999,9097,4,0,None
1000,10473,1,3,Low
1001,7962,1,3,Low
1002,9984,5,3,Low
1003,5527,2,0,None
1004,6374,5,0,None
1005,7453,6,2,Low
1006,8952,2,0,None
1007,241,1,1,Low
1008,8975,4,1,Low
1009,6119,1,0,None
1010,5236,1,3,Low
1011,5723,1,0,None
1012,1710,7,0,None
1013,1970,1,0,None
1014,5313,3,0,None
1015,10634,1,0,None
1016,7010,1,1,Low
1017,8562,1,0,None
1018,3158,1,0,None
1019,4436,1,0,None
1020,5287,3,0,None
1021,2445,1,0,None
1022,6059,7,1,Low
1023,4550,1,0,None
1024,4240,2,0,None
1025,8911,3,0,None
1026,3706,1,2,Low
1027,3628,2,0,None
1028,10175,1,0,None
1029,8985,5,0,None
1030,5204,1,2,Low
1031,9220,1,1,Low
1032,9888,1,0,None
1033,5263,1,0,None
1034,1020,1,1,Low
1035,9503,2,0,None
1036,10613,4,0,None
1037,67,3,0,None
1038,6019,1,2,Low
1039,5863,4,0,None
1040,3717,2,1,Low
1041,6730,3,0,None
1042,10749,15,0,None
1043,4998,1,1,Low
1044,6287,1,1,Low
1045,5985,3,0,None
1046,4754,1,0,None
1047,4002,1,0,None
1048,8870,6,1,Low
1049,966,6,1,Low
1050,4767,1,1,Low
1051,9725,1,1,Low
1052,4475,1,0,None
1053,5740,2,1,Low
1054,5731,1,0,None
1055,7290,1,0,None
1056,3846,4,0,None
1057,8104,1,0,None
1058,4507,1,0,None
1059,11013,1,0,None
1060,4491,11,1,Low
1061,3759,2,1,Low
1062,1162,2,1,Low
1063,2055,2,1,Low
1064,10766,1,0,None
1065,4415,3,0,None
1066,3005,1,3,Low
1067,2223,8,0,None
1068,4817,1,0,None
1069,2875,1,0,None
1070,10536,2,0,None
1071,11112,6,0,None
1072,3807,3,0,None
1073,9197,2,0,None
1074,10832,1,0,None
1075,6421,1,1,Low
1076,4207,1,2,Low
1077,577,2,0,None
1078,10855,2,0,None
1079,3081,1,0,None
1080,3535,1,0,None
1081,247,6,1,Low
1082,8707,1,1,Low
1083,9523,1,0,None
1084,6072,1,2,Low
1085,6295,4,0,None
1086,10914,2,0,None
1087,1509,0,5,High
1088,5577,1,0,None
1089,7348,1,1,Low
1090,1127,1,1,Low
1091,1833,2,0,None
1092,4944,1,0,None
1093,9080,3,0,None
1094,6466,3,0,None
1095,9964,1,0,None
1096,4790,1,0,None
1097,10245,1,0,None
1098,1109,1,0,None
1099,6001,2,0,None
1100,5538,0,4,High
1101,10552,2,0,None
1102,1545,6,0,None
1103,7409,2,0,None
1104,4444,1,0,None
1105,146,1,1,Low
1106,6271,1,0,None
1107,10065,2,0,None
1108,4741,2,1,Low
1109,246,7,0,None
1110,375,1,0,None
1111,1524,1,2,Low
1112,10022,1,0,None
1113,7451,0,1,Low
1114,11010,3,0,None
1115,4356,3,2,Low
1116,3885,1,2,Low
1117,1175,1,2,Low
1118,880,1,0,None
1119,2320,5,0,None
1120,850,2,0,None
1121,4713,2,0,None
1122,675,5,0,None
1123,5025,1,0,None
1124,2308,2,0,None
1125,5995,7,1,Low
1126,6749,4,0,None
1127,1010,2,0,None
1128,8977,1,0,None
1129,4756,1,1,Low
1130,3412,4,1,Low
1131,606,1,0,None
1132,5961,1,0,None
1133,2975,2,1,Low
1134,2894,1,4,High
1135,7613,2,0,None
1136,10542,3,0,None
1137,8015,1,1,Low
1138,10617,2,0,None
1139,11166,2,0,None
1140,849,4,0,None
1141,523,1,0,None
1142,4066,2,0,None
1143,8414,2,0,None
1144,819,1,0,None
1145,4961,4,0,None
1146,749,2,2,Low
1147,5430,12,0,None
1148,7755,2,0,None
1149,10525,1,2,Low
1150,1453,2,0,None
1151,8310,3,0,None
1152,10710,1,0,None
1153,5031,1,2,Low
1154,2613,2,0,None
1155,213,4,0,None
1156,967,10,1,Low
1157,1077,1,0,None
1158,7959,1,0,None
1159,640,2,0,None
1160,4252,1,0,None
1161,8432,12,0,None
1162,6218,1,1,Low
1163,6905,1,0,None
1164,5922,2,0,None
1165,3598,4,0,None
1166,6116,1,0,None
1167,6263,3,0,None
1168,10486,1,0,None
1169,2410,1,0,None
1170,193,1,1,Low
1171,3363,1,0,None
1172,8278,1,0,None
1173,10660,3,1,Low
1174,8686,2,0,None
1175,1604,3,0,None
1176,5907,1,0,None
1177,10669,2,0,None
1178,2918,3,0,None
1179,5735,1,1,Low
1180,359,3,0,None
1181,8387,1,0,None
1182,1829,3,2,Low
1183,3839,5,0,None
1184,9392,1,0,None
1185,2292,1,0,None
1186,10466,2,0,None
1187,9855,1,1,Low
1188,4088,2,0,None
1189,5231,1,0,None
1190,590,1,1,Low
1191,8732,4,3,Low
1192,2315,1,0,None
1193,3515,1,0,None
1194,2245,3,0,None
1195,6283,1,0,None
1196,2246,1,0,None
1197,6606,2,1,Low
1198,5545,1,0,None
1199,7342,3,0,None
1200,837,4,0,None
1201,9500,3,0,None
1202,3602,2,0,None
1203,234,2,2,Low
1204,2995,1,0,None
1205,1118,3,1,Low
1206,7789,1,1,Low
1207,3068,1,0,None
1208,8955,1,1,Low
1209,945,2,0,None
1210,5644,2,1,Low
1211,7192,2,0,None
1212,2324,2,1,Low
1213,697,1,1,Low
1214,3439,5,0,None
1215,1506,4,1,Low
1216,232,1,0,None
1217,8876,5,0,None
1218,4500,1,0,None
1219,9739,2,0,None
1220,10395,3,0,None
1221,1176,1,0,None
1222,1627,1,1,Low
1223,938,2,1,Low
1224,2740,4,0,None
1225,257,2,0,None
1226,4058,1,1,Low
1227,7736,2,2,Low
1228,8210,5,0,None
1229,833,3,0,None
1230,6230,5,0,None
1231,7325,1,0,None
1232,1307,3,0,None
1233,1502,2,0,None
1234,6211,1,0,None
1235,843,4,0,None
1236,4174,1,0,None
1237,9757,1,3,Low
1238,6918,1,0,None
1239,286,4,0,None
1240,11086,1,0,None
1241,1921,2,0,None
1242,4138,1,1,Low
1243,7718,1,0,None
1244,1291,4,0,None
1245,6862,15,0,None
1246,4136,4,0,None
1247,803,1,0,None
1248,4298,1,0,None
1249,10833,3,1,Low
1250,9606,1,3,Low
1251,8534,4,1,Low
1252,5153,2,2,Low
1253,961,2,0,None
1254,5011,2,0,None
1255,6653,4,1,Low
1256,9094,2,1,Low
1257,810,2,0,None
1258,5493,1,1,Low
1259,2147,1,2,Low
1260,5107,2,1,Low
1261,3979,1,2,Low
1262,6049,1,2,Low
1263,8147,3,0,None
1264,1857,2,1,Low
1265,3910,0,4,High
1266,5207,10,1,Low
1267,11114,3,0,None
1268,5429,1,0,None
1269,9400,1,0,None
1270,1740,2,1,Low
1271,7488,3,0,None
1272,195,4,2,Low
1273,635,8,0,None
1274,7527,3,0,None
1275,10319,4,1,Low
1276,2296,1,1,Low
1277,10637,2,0,None
1278,2931,0,1,Low
1279,907,5,0,None
1280,3698,1,2,Low
1281,9516,2,3,Low
1282,679,2,0,None
1283,7384,2,0,None
1284,5043,2,0,None
1285,5267,1,0,None
1286,339,2,2,Low
1287,2516,2,0,None
1288,9010,1,4,High
1289,378,2,0,None
1290,4808,1,0,None
1291,5068,1,0,None
1292,7628,2,0,None
1293,7128,1,0,None
1294,2811,2,0,None
1295,3551,2,0,None
1296,1663,1,0,None
1297,5543,5,1,Low
1298,1577,1,2,Low
1299,10641,4,0,None
1300,5336,0,0,None
1301,6024,0,4,High
1302,1878,1,0,None
1303,3099,5,0,None
1304,6055,1,1,Low
1305,5841,5,0,None
1306,3972,6,0,None
1307,4394,1,2,Low
1308,5758,1,5,High
1309,6658,7,0,None
1310,4603,2,0,None
1311,8427,1,0,None
1312,10260,3,0,None
1313,7143,5,0,None
1314,8789,3,0,None
1315,6197,3,0,None
1316,4554,4,0,None
1317,4937,1,0,None
1318,1920,2,0,None
1319,8749,1,0,None
1320,1650,1,0,None
1321,10377,3,0,None
1322,9206,2,1,Low
1323,10971,4,2,Low
1324,6398,2,0,None
1325,9212,6,0,None
1326,7937,1,0,None
1327,839,1,0,None
1328,4246,0,0,None
1329,158,1,2,Low
1330,4832,2,0,None
1331,5621,5,1,Low
1332,1945,3,2,Low
1333,5147,1,0,None
1334,2535,1,4,High
1335,11039,2,0,None
1336,9495,1,0,None
1337,9635,1,0,None
1338,2173,1,0,None
1339,942,3,1,Low
1340,9386,1,1,Low
1341,5510,3,0,None
1342,873,11,2,Low
1343,2253,1,0,None
1344,5181,1,0,None
1345,979,2,0,None
1346,10390,1,0,None
1347,4698,2,0,None
1348,7793,3,1,Low
1349,1745,1,1,Low
1350,10590,1,0,None
1351,5080,1,1,Low
1352,8369,1,0,None
1353,5232,1,0,None
1354,2407,1,2,Low
1355,3834,2,0,None
1356,7912,2,1,Low
1357,7712,1,0,None
1358,1065,1,0,None
1359,7275,3,0,None
1360,1343,6,0,None
1361,1384,2,1,Low
1362,9967,8,0,None
1363,6181,1,0,None
1364,10507,4,1,Low
1365,2674,1,1,Low
1366,2698,3,0,None
1367,3231,1,0,None
1368,4096,3,0,None
1369,10476,1,0,None
1370,5948,2,0,None
1371,9140,2,0,None
1372,10258,2,0,None
1373,5675,6,1,Low
1374,4743,5,0,None
1375,8805,4,0,None
1376,1542,6,0,None
1377,6770,2,2,Low
1378,8773,3,1,Low
1380,10420,1,0,None
1381,7514,4,0,None
1384,793,1,0,None
1385,10909,0,2,Low
1387,8702,2,0,None
1388,4791,1,0,None
1389,2963,1,0,None
1390,8216,6,0,None
1391,8140,3,0,None
1392,10146,1,0,None
1393,5289,2,0,None
1394,2587,2,0,None
1395,4405,2,0,None
1396,8663,1,0,None
1397,2589,2,0,None
1398,3421,1,0,None
1399,10490,2,0,None
1400,4094,4,0,None
1401,9958,1,0,None
1402,2534,2,0,None
1403,4188,3,1,Low
1404,6613,6,0,None
1405,10827,4,0,None
1406,5491,4,0,None
1407,8402,2,0,None
1408,8783,3,0,None
1409,10010,4,1,Low
1410,618,1,0,None
1411,9121,2,4,High
1412,361,1,0,None
1413,4310,1,2,Low
1414,2678,3,0,None
1415,6376,4,0,None
1416,524,1,0,None
1417,10341,1,0,None
1418,5654,2,0,None
1419,4098,3,0,None
1420,5824,1,0,None
1421,7000,1,0,None
1422,2561,4,1,Low
1423,5229,1,0,None
1424,4086,1,0,None
1425,2428,3,0,None
1426,8254,1,0,None
1427,2836,1,0,None
1428,8418,2,0,None
1429,1362,1,0,None
1430,7152,1,0,None
1431,10033,1,0,None
1432,9349,1,2,Low
1433,274,2,0,None
1434,3388,5,0,None
1435,922,2,1,Low
1436,8588,4,0,None
1437,2518,1,0,None
1438,574,1,0,None
1439,3220,2,0,None
1440,5967,3,0,None
1441,1183,1,0,None
1442,6856,3,1,Low
1443,4530,3,2,Low
1444,1553,1,2,Low
1445,4682,1,0,None
1446,8204,1,0,None
1447,5221,4,1,Low
1448,1232,1,0,None
1449,1927,4,0,None
1450,5788,3,0,None
1451,6652,1,0,None
1452,6246,1,1,Low
1453,5975,1,0,None
1454,6875,2,0,None
1455,4399,1,0,None
1456,4042,3,1,Low
1457,2157,4,0,None
1458,10133,0,4,High
1459,2525,2,1,Low
1460,8233,4,1,Low
1461,9483,7,0,None
1462,2945,1,2,Low
1463,10403,3,0,None
1464,5074,1,0,None
1465,10524,4,0,None
1466,4690,4,0,None
1467,7521,1,1,Low
1468,7196,1,0,None
1469,4406,4,0,None
1470,9672,3,0,None
1471,4864,4,0,None
1472,4706,1,0,None
1473,4070,1,3,Low
1474,25,2,0,None
1475,3697,2,0,None
1476,217,1,0,None
1477,4220,1,0,None
1478,5286,1,0,None
1479,9559,2,1,Low
1480,2849,7,0,None
1481,7787,3,0,None
1482,3102,1,0,None
1483,5868,2,0,None
1484,8370,2,0,None
1485,9988,3,0,None
1486,2939,1,0,None
1487,5529,7,1,Low
1488,9743,2,1,Low
1489,5763,5,0,None
1490,3478,10,1,Low
1491,7494,4,0,None
1492,1763,1,4,High
1493,7250,7,0,None
1494,2005,2,0,None
1495,10770,2,0,None
1496,6885,1,0,None
1497,2072,6,2,Low
1498,9463,4,0,None
1499,6318,1,0,None
1500,4093,7,0,None
1501,5751,1,0,None
1502,3340,6,1,Low
1503,3594,13,0,None
1504,3584,2,2,Low
1505,3643,1,1,Low
1506,851,9,0,None
1507,7706,6,1,Low
1508,3967,1,0,None
1509,10128,5,0,None
1510,486,1,0,None
1511,9,4,0,None
1512,9451,3,0,None
1513,9264,1,0,None
1514,3865,1,1,Low
1515,2853,2,0,None
1516,1490,5,0,None
1517,6310,1,0,None
1518,10380,1,0,None
1519,3887,2,1,Low
1520,4278,1,1,Low
1521,8643,1,0,None
1522,1998,1,0,None
1523,10795,2,0,None
1524,11110,0,0,None
1525,2408,12,0,None
1526,202,0,0,None
1527,7998,3,0,None
1528,830,1,3,Low
1529,3536,2,0,None
1530,6050,4,1,Low
1531,125,6,1,Low
1532,3463,4,0,None
1533,2804,4,1,Low
1534,3745,2,0,None
1535,9771,6,0,None
1536,451,1,0,None
1537,10530,1,1,Low
1538,1079,3,1,Low
1539,8920,3,0,None
1540,6678,2,0,None
1541,3852,4,0,None
1542,528,1,0,None
1543,73,1,0,None
1544,5589,3,0,None
1545,10212,1,0,None
1546,6365,1,0,None
1547,5636,1,1,Low
1548,591,2,0,None
1549,2217,1,0,None
1550,2544,1,0,None
1551,7725,1,0,None
1552,8091,1,0,None
1553,7321,1,1,Low
1554,5462,5,0,None
1555,7791,2,0,None
1556,955,7,2,Low
1557,4037,1,0,None
1558,6642,4,0,None
1559,2793,3,0,None
1560,5424,2,0,None
1561,879,6,0,None
1562,9530,1,0,None
1563,4828,1,0,None
1564,10699,2,0,None
1565,1497,2,0,None
1566,7476,4,1,Low
1567,4390,2,0,None
1568,10478,5,1,Low
1569,1081,11,0,None
1570,4261,1,3,Low
1571,9916,3,0,None
1572,5350,1,2,Low
1573,8135,1,0,None
1574,8685,6,1,Low
1575,4967,4,0,None
1576,2130,1,1,Low
1577,9298,1,2,Low
1578,8175,1,0,None
1579,6257,1,0,None
1580,3790,1,0,None
1581,9952,1,0,None
1582,3503,1,0,None
1583,5223,2,0,None
1584,4608,1,1,Low
1585,1626,2,2,Low
1586,4764,4,1,Low
1587,2471,1,0,None
1588,5892,7,0,None
1589,2612,1,1,Low
1590,4971,2,0,None
1591,5185,1,0,None
1592,10069,1,1,Low
1593,2262,3,0,None
1594,1131,1,0,None
1595,1041,5,1,Low
1596,24,5,0,None
1597,3409,3,1,Low
1598,7022,1,0,None
1599,7943,1,0,None
1600,5272,4,0,None
1601,5453,1,1,Low
1602,2565,1,1,Low
1603,800,2,0,None
1604,11092,2,0,None
1605,5062,1,0,None
1606,8969,4,0,None
1607,4656,5,1,Low
1608,4480,5,0,None
1609,9971,1,0,None
1610,6729,1,0,None
1611,1773,1,0,None
1612,9242,1,2,Low
1613,1764,4,0,None
1614,6215,2,1,Low
1615,10099,3,0,None
1616,5423,1,0,None
1617,940,2,0,None
1618,3011,1,0,None
1619,3298,7,0,None
1620,8286,1,1,Low
1621,9668,3,0,None
1622,5120,1,0,None
1623,6097,9,0,None
1624,7019,4,0,None
1625,7408,2,0,None
1626,8041,6,0,None
1627,252,1,0,None
1628,9986,3,1,Low
1629,3276,1,0,None
1630,3859,1,0,None
1631,3570,3,0,None
1632,3783,2,0,None
1633,10207,1,0,None
1634,10906,2,0,None
1635,3427,6,0,None
1636,5209,2,0,None
1637,10711,1,0,None
1638,10785,2,0,None
1639,2814,1,0,None
1640,6866,1,0,None
1641,1665,5,4,High
1642,6575,8,0,None
1643,3829,1,0,None
1644,3091,1,0,None
1645,10141,1,0,None
1646,5177,2,0,None
1647,7005,1,1,Low
1648,6409,1,1,Low
1649,7485,3,0,None
1650,8079,3,0,None
1651,8395,1,1,Low
1652,10352,3,1,Low
1653,4931,0,0,None
1654,13,2,0,None
1655,1834,1,0,None
1656,2285,3,0,None
1657,2295,1,0,None
1658,1378,6,0,None
1659,2781,1,3,Low
1660,1165,9,0,None
1661,1404,4,0,None
1662,6457,2,0,None
1663,2639,3,0,None
1664,8299,1,0,None
1665,6437,1,0,None
1666,6912,1,0,None
1667,7327,3,0,None
1668,5299,2,0,None
1669,4127,2,2,Low
1670,8143,2,3,Low
1671,1964,1,0,None
1672,3690,1,2,Low
1673,3433,1,1,Low
1674,3389,4,0,None
1675,4712,1,0,None
1676,1170,4,0,None
1677,6347,1,0,None
1678,4065,2,0,None
1679,8230,1,0,None
1680,1215,1,1,Low
1681,5939,4,0,None
1682,2156,4,0,None
1683,7788,1,0,None
1684,10323,2,0,None
1685,7947,1,0,None
1686,1891,1,1,Low
1687,2570,4,3,Low
1688,9256,4,0,None
1689,295,1,0,None
1690,7397,3,0,None
1691,6349,1,0,None
1692,10790,1,0,None
1693,10398,1,0,None
1694,2431,1,0,None
1695,550,2,0,None
1696,1890,1,0,None
1697,10742,0,1,Low
1698,10356,1,0,None
1699,4676,2,0,None
1700,8852,5,0,None
1701,3565,3,0,None
1702,5294,3,0,None
1703,1958,6,0,None
1704,7349,4,1,Low
1705,8799,3,0,None
1706,1351,4,1,Low
1707,1045,2,0,None
1708,7732,1,0,None
1709,8070,1,0,None
1710,477,1,5,High
1711,7832,1,4,High
1712,2202,1,0,None
1713,7396,1,1,Low
1714,4055,2,0,None
1715,10340,6,0,None
1716,10091,2,0,None
1717,7629,2,0,None
1718,10640,5,0,None
1719,3498,4,2,Low
1720,6742,1,0,None
1721,1172,1,4,High
1722,569,1,4,High
1723,4686,0,1,Low
1724,1381,5,1,Low
1725,2634,3,1,Low
1726,10905,5,1,Low
1727,1744,1,0,None
1728,1000,4,0,None
1729,3828,2,0,None
1730,8605,2,0,None
1731,10304,1,0,None
1732,4351,1,1,Low
1733,10129,1,1,Low
1734,2499,1,0,None
1735,10092,4,0,None
1736,7500,2,0,None
1737,5796,1,1,Low
1738,10556,4,1,Low
1739,1064,1,0,None
1740,48,2,1,Low
1741,7610,5,0,None
1742,263,1,1,Low
1743,10814,1,1,Low
1744,9710,2,0,None
1745,9292,1,0,None
1746,10250,1,0,None
1747,7881,1,0,None
1748,5847,3,0,None
1749,737,2,3,Low
1750,3571,3,2,Low
1751,7807,5,0,None
1752,3878,1,0,None
1753,5092,4,2,Low
1754,2154,3,0,None
1755,5394,4,0,None
1756,3798,3,0,None
1757,3524,2,1,Low
1758,5247,2,0,None
1759,5883,3,0,None
1760,2118,3,0,None
1761,8812,2,0,None
1762,6616,2,0,None
1763,2797,1,0,None
1764,4328,2,0,None
1765,9167,3,0,None
1766,10560,1,0,None
1767,2631,1,0,None
1768,8312,1,0,None
1769,5534,2,1,Low
1770,5093,3,1,Low
1771,7592,1,0,None
1772,8895,1,0,None
1773,8584,1,0,None
1774,2694,1,0,None
1775,8910,5,1,Low
1776,7433,4,0,None
1777,164,2,0,None
1778,10477,1,0,None
1779,2681,1,0,None
1780,5150,2,0,None
1781,5283,3,0,None
1782,9645,1,0,None
1783,10678,2,0,None
1784,7261,5,1,Low
1785,9648,4,0,None
1786,2870,5,0,None
1787,8008,1,0,None
1788,1513,13,0,None
1789,6173,1,0,None
1790,1419,3,0,None
1791,9150,2,0,None
1792,7960,1,1,Low
1793,1250,1,0,None
1794,9905,5,1,Low
1795,10691,1,0,None
1796,7002,1,0,None
1797,2952,2,0,None
1798,8439,2,1,Low
1799,762,1,0,None
1800,2831,2,0,None
1801,6977,1,1,Low
1802,6289,2,0,None
1803,4168,9,1,Low
1804,8397,2,1,Low
1805,9284,5,0,None
1806,6237,0,0,None
1807,3130,4,0,None
1808,1619,1,1,Low
1809,1990,1,1,Low
1810,5513,2,0,None
1811,269,6,0,None
1812,8093,1,1,Low
1813,10513,1,1,Low
1814,10177,3,0,None
1815,2549,1,0,None
1816,5782,2,1,Low
1817,10057,1,1,Low
1818,10307,3,0,None
1819,8566,1,0,None
1820,2415,3,1,Low
1821,5684,2,0,None
1822,8334,3,0,None
1823,9166,3,0,None
1824,1440,2,0,None
1825,78,1,0,None
1826,5441,2,0,None
1827,5302,1,1,Low
1828,4687,1,0,None
1829,1087,3,1,Low
1830,6859,2,0,None
1831,9860,3,0,None
1832,7129,8,0,None
1833,5866,3,0,None
1834,10521,4,1,Low
1835,7393,3,0,None
1836,7849,1,0,None
1837,332,3,1,Low
1838,9847,2,0,None
1839,531,11,1,Low
1840,9576,3,0,None
1841,6906,1,4,High
1842,7419,2,0,None
1843,3170,1,0,None
1844,8527,5,0,None
1845,7872,1,4,High
1846,9931,15,0,None
1847,10595,1,0,None
1848,4609,3,0,None
1849,5010,2,0,None
1850,4427,1,3,Low
1851,11148,1,0,None
1852,1168,1,0,None
1853,9595,1,1,Low
1854,10163,1,1,Low
1855,2886,4,2,Low
1856,6710,1,0,None
1857,5316,1,0,None
1858,9029,1,0,None
1859,521,2,0,None
1860,1459,1,0,None
1861,10241,1,0,None
1862,1630,1,0,None
1863,3254,1,0,None
1864,9064,1,2,Low
1865,3678,11,2,Low
1866,4227,3,0,None
1867,9467,1,0,None
1868,8486,4,0,None
1869,2186,1,4,High
1870,3286,2,0,None
1871,8602,2,0,None
1872,3722,2,0,None
1873,6715,6,0,None
1874,4796,1,0,None
1875,9612,1,0,None
1876,3766,3,1,Low
1877,1399,1,1,Low
1878,1570,2,0,None
1879,3426,3,0,None
1880,3074,1,1,Low
1881,8341,2,2,Low
1882,5180,2,0,None
1883,6461,1,1,Low
1884,7679,1,0,None
1885,10702,2,0,None
1886,7505,1,0,None
1887,5113,1,2,Low
1888,10858,4,0,None
1889,2961,2,1,Low
1890,2747,1,0,None
1891,3010,1,3,Low
1892,5790,2,0,None
1893,6892,8,2,Low
1894,1743,1,0,None
1895,3578,2,0,None
1896,8462,1,1,Low
1897,5558,1,1,Low
1898,4619,0,0,None
1899,8780,2,0,None
1900,10789,2,0,None
1901,10779,1,0,None
1902,5896,1,0,None
1903,2337,3,0,None
1904,10951,2,1,Low
1905,544,1,0,None
1906,17,4,0,None
1907,10680,1,0,None
1908,3265,1,0,None
1909,5623,1,1,Low
1910,5832,0,0,None
1911,5544,2,1,Low
1912,6417,1,0,None
1913,5831,3,3,Low
1914,7101,6,0,None
1915,10176,7,3,Low
1916,2326,1,0,None
1917,4385,2,0,None
1918,2929,1,0,None
1919,10686,1,0,None
1920,2546,1,0,None
1921,3283,2,0,None
1922,3138,0,5,High
1923,4994,1,1,Low
1924,7966,3,0,None
1925,3112,1,0,None
1926,10872,3,2,Low
1927,2181,1,0,None
1928,1867,1,1,Low
1929,1518,5,0,None
1930,5734,1,0,None
1931,2878,2,0,None
1932,1458,3,0,None
1933,7007,2,0,None
1934,6200,2,0,None
1935,1403,2,0,None
1936,4827,5,1,Low
1937,6250,3,1,Low
1938,9291,1,0,None
1939,2478,1,0,None
1940,1139,1,4,High
1941,5138,1,0,None
1942,5393,1,0,None
1943,10413,1,0,None
1944,5015,2,0,None
1945,10868,2,0,None
1946,10676,2,1,Low
1947,2495,1,0,None
1948,7842,3,0,None
1949,9955,2,0,None
1950,6663,1,0,None
1951,2162,2,0,None
1952,3434,1,0,None
1953,7919,1,1,Low
1954,5626,1,0,None
1955,6428,1,0,None
1956,8514,1,0,None
1957,10448,5,1,Low
1958,2109,1,2,Low
1959,7530,3,0,None
1960,8925,3,0,None
1961,3009,1,4,High
1962,6355,3,0,None
1963,3517,3,1,Low
1964,1158,1,0,None
1965,6203,1,0,None
1966,7165,2,0,None
1967,3595,2,0,None
1968,8537,1,2,Low
1969,4331,1,2,Low
1970,6281,2,1,Low
1971,4338,1,1,Low
1972,2452,5,1,Low
1973,9507,2,0,None
1974,8360,3,0,None
1975,10311,0,0,None
1976,5117,2,0,None
1977,4867,4,0,None
1978,9289,1,1,Low
1979,10913,1,2,Low
1980,3032,3,0,None
1981,8524,3,1,Low
1982,3334,0,2,Low
1983,4470,1,0,None
1984,1406,8,0,None
1985,8619,1,0,None
1986,10821,6,0,None
1987,4552,1,0,None
1988,898,3,0,None
1989,9797,2,0,None
1990,10949,1,2,Low
1991,8212,2,0,None
1992,6248,0,2,Low
1993,10164,1,2,Low
1994,4547,2,0,None
1995,6815,0,4,High
1996,4122,1,2,Low
1997,10841,3,0,None
1998,5370,4,1,Low
1999,176,1,0,None
2000,4860,1,0,None
2001,10757,1,0,None
2002,4023,3,1,Low
2003,6679,1,0,None
2004,9923,3,0,None
2005,7181,2,0,None
2006,3599,3,0,None
2007,405,4,1,Low
2008,6870,1,0,None
2009,832,3,0,None
2010,2002,1,0,None
2011,3657,3,0,None
2012,500,1,4,High
2013,1951,6,0,None
2014,3262,1,1,Low
2015,4102,1,0,None
2016,7042,1,1,Low
2017,10598,3,0,None
2018,255,2,0,None
2019,2375,1,0,None
2020,9829,3,0,None
2021,6214,1,0,None
2022,4954,6,0,None
2023,7861,2,0,None
2024,4837,2,0,None
2025,9423,2,0,None
2026,4198,1,0,None
2027,153,1,0,None
2028,9323,4,2,Low
2029,10001,4,0,None
2030,3945,2,2,Low
2031,3799,3,0,None
2032,8625,3,0,None
2033,3491,4,0,None
2034,983,1,1,Low
2035,9119,2,0,None
2036,4786,4,0,None
2037,5872,4,0,None
2038,6568,1,0,None
2039,5628,1,1,Low
2040,5631,1,0,None
2041,4974,10,0,None
2042,8416,2,0,None
2043,5454,1,0,None
2044,4095,8,0,None
2045,5474,3,0,None
2046,4268,1,0,None
2047,10701,1,2,Low
2048,3507,2,1,Low
2049,2079,1,0,None
2050,626,1,0,None
2051,4426,6,1,Low
2052,2591,2,0,None
2053,10509,2,0,None
2054,6382,1,0,None
2055,6673,1,0,None
2056,7441,3,0,None
2057,1071,3,0,None
2058,10061,2,0,None
2060,8775,3,0,None
2062,2345,1,0,None
2063,322,2,0,None
2064,10897,5,0,None
2065,123,2,0,None
2066,6103,1,0,None
2067,7899,2,0,None
2068,10500,2,0,None
2069,1655,1,0,None
2070,2406,3,0,None
2071,2712,1,0,None
2072,5517,1,0,None
2073,10643,2,1,Low
2074,2254,1,0,None
2075,10281,2,1,Low
2076,6958,1,0,None
2077,954,1,0,None
2080,4643,2,0,None
2082,6497,4,0,None
2083,5396,1,0,None
2085,1052,3,0,None
2086,2802,1,0,None
2087,6343,1,1,Low
2088,6507,2,0,None
2089,7901,1,0,None
2090,4865,7,1,Low
2091,2686,1,0,None
2092,3107,1,0,None
2093,7734,1,3,Low
2094,1146,4,2,Low
2095,11031,1,0,None
2096,7428,1,0,None
2097,975,5,0,None
2098,1103,2,3,Low
2099,3422,1,2,Low
2100,1055,1,0,None
2101,6544,3,0,None
2102,1241,2,1,Low
2103,2909,2,2,Low
2104,5802,1,0,None
2105,1407,2,0,None
2106,6183,1,0,None
2107,340,2,2,Low
2108,5991,3,0,None
2109,3104,1,2,Low
2110,9729,6,0,None
2111,1008,1,1,Low
2112,11091,2,0,None
2113,3969,1,0,None
2114,1916,5,0,None
2115,9907,2,0,None
2116,87,2,0,None
2117,8659,2,0,None
2118,6262,1,0,None
2119,6147,1,0,None
2120,8832,2,0,None
2121,10067,1,0,None
2122,7532,3,0,None
2123,4915,4,0,None
2124,2115,2,1,Low
2125,2088,1,3,Low
2126,2493,2,0,None
2127,6292,1,2,Low
2128,1631,4,1,Low
2129,10104,1,0,None
2130,3006,1,0,None
2131,3919,1,2,Low
2132,11181,0,0,None
2133,642,3,0,None
2134,4369,3,0,None
2135,10127,1,0,None
2136,271,5,1,Low
2137,4973,1,0,None
2138,2948,1,0,None
2139,2715,4,1,Low
2140,10432,1,0,None
2141,9216,2,0,None
2142,7124,5,0,None
2143,9727,1,0,None
2144,5136,7,2,Low
2145,9790,1,2,Low
2146,1818,1,0,None
2147,1100,4,0,None
2148,7873,4,0,None
2149,10609,2,0,None
2150,6950,2,0,None
2151,7233,2,1,Low
2152,9481,4,0,None
2153,7699,5,1,Low
2154,2711,1,0,None
2155,8933,2,0,None
2156,8726,5,0,None
2157,1515,1,0,None
2158,5186,2,1,Low
2159,10157,1,0,None
2160,5667,3,1,Low
2161,902,1,0,None
2162,977,6,0,None
2163,7313,1,1,Low
2164,7600,2,0,None
2165,9706,2,0,None
2166,2429,3,0,None
2167,3520,0,5,High
2168,10394,1,3,Low
2169,4548,1,0,None
2170,9362,1,1,Low
2171,3968,1,4,High
2172,4084,2,0,None
2173,6721,3,0,None
2174,2829,2,2,Low
2175,1772,1,3,Low
2176,1544,1,0,None
2177,492,5,0,None
2178,4377,2,1,Low
2179,4541,2,0,None
2180,1321,3,0,None
2181,8858,4,1,Low
2182,3266,1,0,None
2183,11187,3,0,None
2184,8207,1,0,None
2185,9723,4,1,Low
2186,2666,1,1,Low
2187,5721,1,1,Low
2188,10652,3,0,None
2189,1646,2,0,None
2190,4418,1,1,Low
2191,2656,1,0,None
2192,7990,1,0,None
2193,8722,1,3,Low
2194,7118,2,2,Low
2195,2980,4,0,None
2196,1839,1,0,None
2197,10722,2,1,Low
2198,2632,7,2,Low
2199,9014,4,0,None
2200,7620,2,0,None
2201,10968,4,0,None
2202,11133,5,1,Low
2203,2736,2,0,None
2204,1876,1,0,None
2205,5959,6,0,None
2206,1092,4,0,None
2207,4333,4,1,Low
2208,3850,1,0,None
2209,6168,2,0,None
2210,607,6,0,None
2211,10469,1,0,None
2212,6983,2,0,None
2213,3661,1,0,None
2214,9303,0,0,None
2215,692,1,0,None
2216,736,2,0,None
2217,9589,0,0,None
2218,4838,1,0,None
2219,9246,4,0,None
2220,6261,3,0,None
2221,7366,1,3,Low
2222,10659,4,0,None
2223,1448,3,0,None
2224,4286,3,1,Low
2225,4749,6,0,None
2226,4478,8,0,None
2227,4201,5,0,None
2229,10084,2,0,None
2230,7004,3,1,Low
2231,9817,2,0,None
2232,8080,1,0,None
2233,9432,4,0,None
2234,8372,1,0,None
2235,10870,2,0,None
2236,4001,7,1,Low
2237,7270,1,1,Low
2238,8235,2,0,None
2239,9405,3,1,Low
